recommendation_id,user_id,recommendation_type,click_through_rate,feedback_score
dde2327b-f957-4239-b209-28d156b52f78,9cc000c2-6b64-414f-a465-ee2ecd26d22e,Podcast,0.29,3
1150e284-1921-4225-89f2-8904dd851791,4bf2ac88-cff7-44f1-b3ff-b53af19f117c,Podcast,0.31,5
2c197953-1e5c-4e49-9248-ac6f0fe368c5,d28f7b29-cbd6-4493-b6da-3ab72ca12e94,Podcast,0.54,4
ecd4cc19-c3f6-4c9f-be0b-2da40fd6d28d,dfb8f9c1-f0c9-4735-8663-be4014fa77a8,Blog,0.26,5
f1b6193b-ce64-4574-8e5d-57da5a734056,3b0e1498-56b6-4b2e-8379-811065cad369,Video,0.4,3
28337148-9a48-4098-90f9-d44ee1b5b396,706b1459-82b8-42cb-a153-4e64a6c7cfb2,Video,0.35,4
252a710d-097b-47f7-bcf3-e5717691f15c,e1694440-75fb-4a18-a41a-7a5a2dbf7259,Blog,0.86,1
11421ef4-c469-4fad-9009-099e18b66bde,72f26446-7e29-455a-8f99-7bdf3516b94e,Video,1.0,5
17a752db-2ada-4b7c-a1e5-2cf72fbc29da,e1694440-75fb-4a18-a41a-7a5a2dbf7259,Podcast,0.59,5
e6b7d209-03cf-4e3c-b11c-0b5609156d44,7bff4f32-fc61-4cc7-8a47-fb2f108690af,Video,1.0,4
dcdcfacb-4c60-4308-8314-7ff0c838b958,c4c7f2dc-634b-4e20-b107-cc5acffcad10,Video,0.87,1
5aceae90-7ef3-4208-b307-cfbeeed14dcb,57e91d7d-7076-4b76-9e57-73368e5e6ac3,Video,0.69,1
ed55a007-56b2-4c5c-ac6c-ae8c51e50e9a,e812b38f-1a08-4627-abfe-0f7f8c94ec7d,Podcast,0.11,4
c5a20a47-9ced-4278-984c-e1c683fd89e3,51b6e81e-0b0b-4051-9309-e6cfec1bb2d2,Blog,0.72,2
6163ff62-fc21-47a4-af4d-51eeeae128cf,a99b4dfd-f66a-4efd-a25d-0b94a9a0a812,Podcast,0.66,5
a51b6fa8-70c3-4770-86dd-5c2e2d9612f3,18c1b036-9166-4aa7-a2de-7aacc990bdca,Blog,0.59,5
10ef75f9-d478-49d8-95fd-9c0802f9111a,9cca1920-d621-44c5-bdf2-c503780bfa1e,Blog,0.71,3
a7ce610e-eae1-4e94-b4ae-fb81bc3906f0,8a3b0015-fc95-443c-a429-782e7ab962e0,Blog,0.51,4
65fda9a4-897e-457e-a7c9-227967233ad3,d4b2ed1d-1f4b-4e6d-9c8c-7e746a50dd06,Video,0.8,3
5d7e5e99-9d4c-4063-a38c-36deafa5cef9,d795b5b7-bb19-4d53-997b-09471f52b769,Video,1.0,3
77093570-e7e9-422e-b6a6-42585b0d6431,2dbb77f8-4c26-4c62-8cfc-0ac588c93464,Blog,0.4,1
d6836ccd-3b3d-42b6-bc39-309797dd27c0,3a408eaf-7512-49d7-8162-f7304c8e5f48,Blog,0.67,5
571f41f8-1deb-4c83-92c8-26fdd82b6813,c38b393b-3dc6-4585-9392-c74013b533b2,Video,0.58,3
994f8177-b76e-41df-b8a8-62d500c30a8a,3e5a12bb-aed8-42aa-b7d0-4da2e6f2d1c9,Podcast,0.64,1
5b8f4e33-a509-405d-b9d5-6f4ef4787d65,c59e8e47-3748-4753-bc29-66e62d762b7e,Blog,0.71,4
357f81b5-ec9f-42e1-a420-4ba87ae3b0d0,59f42f4b-ae68-4e3a-8104-ec025c5c9841,Podcast,0.14,3
f25c128f-5c73-4673-a883-5c8045dc0f21,cbba6812-7d31-4692-af3a-ab7bd212242d,Video,0.74,5
9c29b0af-86fa-44eb-a761-172e21ee38cb,5d6ee8d9-45b2-4089-a2d1-eda0f269fea6,Blog,0.28,3
1a0ed3e9-d262-4a3a-bd39-7539d2b55cd9,7b12eb10-da03-4f67-b755-49c6226d80a0,Podcast,0.64,4
7c34d8bf-49bc-46a1-87d5-14ba8c86bd9b,fb4b88ae-539e-42e0-99cc-e58acb46ecdc,Podcast,0.47,3
31461c10-4da7-41a9-a63f-526898425f6d,583f13b1-af4a-4d3e-88b1-b443fb3a52a7,Podcast,0.72,5
2337206e-ae60-4ea3-8d61-f84502c428d5,4d480ac5-ea9f-4733-b8bd-d452e4e9c1f3,Video,0.24,1
494bed59-403d-4519-8817-debdf4725fda,6de896d3-f7f8-45d1-8b27-d2d178555492,Video,0.72,5
5ed4ae6d-9fdb-401f-8765-718ab1cd55ce,8db07c05-6f1e-4cc9-8cc4-cccb791ad2f1,Podcast,0.32,1
cc52cd43-64f7-4df4-a5ee-20db01fd6751,f144ebbf-8ae9-4d0c-b303-a26f2e84c840,Podcast,0.78,2
3263fe07-c4de-401d-8252-acb386b1909b,ff7553d8-ac8a-481c-8f25-6f6e724ea7ec,Video,1.0,5
8d4ee47b-95cc-40e7-a654-53c00ab72f64,cef95fe1-81b4-4022-abb1-9c10e27d3dfe,Podcast,0.9,5
9c3d8cc7-8c7d-4c2d-bab1-bb68f40d21df,f69557e4-4e5f-471e-900a-d9eb6ed99472,Podcast,0.74,4
bf49e9ac-4bfb-4b76-8946-848ea9018156,15fc0bcc-0016-4b8c-8ca7-ad6f56445e03,Video,0.84,3
4b5cb988-b9ba-45c9-85c0-12ebfe3eac61,729a49ae-2687-4226-83b5-e36cff334566,Podcast,0.27,1
58e7b6d2-45ec-4ab6-8dac-771a7eee9082,ece1b40e-8a4a-4191-9df3-f15ee9eb5b98,Podcast,0.37,1
f3f68140-09f8-4605-b7d5-7d2f792cbe43,6e5555ed-eb39-49a7-a561-2b3b7ec9b714,Podcast,0.47,4
e13c9c08-f2b4-4793-bf63-a225fb715c6a,e390808a-c983-46a9-bf5f-4b390ba89cf2,Video,0.86,4
9e9cf800-fd86-4c00-af1d-de57d1d1036d,66c86cb6-77cb-400a-a61a-c7326ea777f5,Podcast,0.83,3
921fa628-087a-4a2b-a813-40ba9de2bbc6,7ea4566f-7324-48fd-ad8e-e4e219f251da,Video,0.3,3
74792335-6d2d-4bb4-a2c7-bff07199b721,cdb2f6e8-f785-4af1-8638-6b75b40612df,Video,1.0,5
5bc873e5-6996-41f2-981b-d8bbe5d22026,bb99c996-ba09-4f18-bf1f-ee1c1901b864,Blog,0.66,2
3e532767-b128-4a8d-993c-0f95320aefa9,3a02c1d2-e880-4ecb-86aa-43151ebbebb6,Blog,0.59,3
73237463-2775-414f-b740-bf2feab3e82c,00a7a1db-d128-492b-9249-5604bbf55f12,Podcast,0.26,4
74a92346-ab39-49d2-84e9-f7332186f388,09a8ae73-3754-472f-a2e1-26157ce75478,Video,0.17,3
d9c6ee7a-cc7c-49e0-a977-573e0a217432,68291118-ea2f-414a-998c-b37791c57985,Blog,0.55,1
6cd48541-10f2-4206-83c7-a33a619ddf63,d89844ff-d52e-4f7a-a6dc-f18648e003a5,Podcast,0.62,2
c0d0348a-dca7-472f-b7a3-574b8ae64a6a,b9543091-6c59-449b-a7f1-be756a622a9f,Blog,0.27,5
e5c6f4fc-7624-41fe-a06c-794a8fdac0d8,9cca1920-d621-44c5-bdf2-c503780bfa1e,Blog,0.55,1
256b3225-89f3-45d5-9091-f588b0a0944e,d992933b-a52a-4619-b5c4-9283bb079b1f,Video,0.94,1
76814eca-8e38-4472-afd5-876a78c7b1a2,2e057172-8262-4916-aa28-49c463bdf3f1,Video,0.92,2
6b2f7c6f-9fba-4a5d-9d1d-1009541b45c3,78493011-60bd-4f5c-9e42-a7c73b77e229,Blog,0.84,5
7ebe6122-03f8-4762-9372-e70ba1eeef10,b68becc8-2fa5-41e9-bc46-9a592a609e7a,Blog,0.39,4
d89e13ba-21c5-45de-bfb5-c8002ca21d9d,7b80df97-acb4-43d0-b988-a81ad617ff25,Video,0.43,5
0045578d-fe1f-482f-a6fd-1ba25948ac51,eea1e6d6-abfe-4167-8bdb-92d379d1aed8,Podcast,0.7,3
7e9d48d9-2a8f-4381-8c79-32a4178eddff,547bf36d-4332-46b1-a12f-393d87ac7a40,Video,0.53,1
3e6223fe-3c03-4bb9-a9fc-82278e87ceb2,40dd2bde-327f-4b12-b070-1075e23f4d79,Blog,0.17,3
ed0d5b42-7e8d-42c4-9435-fc3012b8e9d8,59f42f4b-ae68-4e3a-8104-ec025c5c9841,Podcast,0.33,4
aa2aad59-efe0-4091-8aa8-2c88f3f7839a,bb1faa22-5639-444d-8146-e359a992d3eb,Blog,0.43,3
1e6e793c-f3ae-4116-9995-cb3c4fcb73dd,2c299b69-0f7f-4ad6-95f0-1179a3f95546,Podcast,0.33,5
2700c058-b5a6-443f-afe3-ccf7a873d608,9ca40bca-6062-41f9-a592-0c34f417d8fa,Blog,0.37,3
e820d8d5-abfb-4437-90ed-b68b6f115eec,a0652390-3c0f-4c36-8d6c-7c85ce58baf7,Podcast,0.34,4
69938178-3578-4cf4-a86f-506929f718dc,c9f138bf-6e09-48e9-abe0-d551f0fb38dc,Podcast,0.13,4
39b001f9-6046-43a7-9c00-52942c22a1e4,a72dcd87-ce5b-4135-930a-7582ed1ecec4,Blog,0.61,4
66e64f9b-7758-44ce-8962-5ea5bf1e00f0,c0e6c134-cf1f-4660-a54e-36e2aa7448a6,Podcast,0.58,5
05f3ad40-dd67-4243-b972-73ad654fd0d2,e6fa483e-8e43-4e34-828f-1d0d25c3989d,Video,0.75,4
67448381-31b4-4338-bafc-e75e8a636043,7bff4f32-fc61-4cc7-8a47-fb2f108690af,Blog,0.25,1
61dd498c-61ed-445b-acb4-6e5a381e9c06,dd4ece98-9cad-48b9-8de5-c28e4c1bf830,Video,0.4,4
1fd78e4e-e7eb-4f40-940e-42d2afdc2246,ea5d1cc7-b42c-47c6-9165-17ac735e1abe,Blog,0.6,3
abb759e1-c38d-4b30-a046-0d0d75865030,7ddca35b-2882-4c9d-84cf-0bec8cd04061,Podcast,0.58,3
05bb227f-504c-455c-b67f-41a6babfbd1f,233328cd-7008-4330-ba3d-45abbd60bc80,Podcast,0.51,3
6e66db3c-a406-448c-9cd8-1bb7efd31510,7f9bcfda-5f88-4957-87e5-52149db076a1,Podcast,0.38,5
132707fd-e345-405c-8cc8-70b7a8621fcd,742df1c6-e031-42e6-865a-d13705f771ed,Blog,0.83,3
c8f638b3-a639-421e-a6a0-52aed6eec44b,47c850f3-1e6b-4242-997f-21d6dd741130,Video,0.45,5
31aac79d-9712-4131-998b-353e29d1cccb,b60e32f5-65af-426d-a3b6-eb956839cf6b,Video,0.56,5
5c2fa90a-12fa-43e5-8e9b-3f4286e50db8,2d64f906-bd7e-4680-8a55-fb8d62cf3247,Blog,0.64,4
bc075132-7e2c-4f92-80dc-3cc5d3b77123,30734e2d-5777-4469-b9f0-a50381629fba,Blog,0.53,1
5d59eb1b-5b7c-4449-a3af-281ca4807274,a266796c-6aef-49c0-a37b-825cdfba8396,Video,0.45,4
2664a885-4507-4231-a3f8-9ae9c10e94da,75670f7a-afba-4a3a-a7a3-354454e928c4,Video,0.54,4
dc63838d-6f20-4547-bc1c-2bf87f1698c0,bb99c996-ba09-4f18-bf1f-ee1c1901b864,Video,0.88,5
6533fa91-5f58-4e5b-bc2d-7bbc9fdcbe0f,e79196f3-6bd7-4128-8a02-7859e54d94f3,Video,0.39,5
3df448ea-2ceb-443c-81e6-25103398bae5,74806482-a459-4c0f-b73c-3cce0597c185,Blog,0.21,3
c449f90b-91e8-403b-92f9-2497810c472b,49341b27-ec82-4917-9e3a-11e215a59016,Blog,0.35,3
106e9e4b-b32a-4ba6-b6c9-5501525a0a16,a560514a-3471-4fda-ba56-33c5758c1f64,Podcast,0.78,4
dab8761b-2f33-4846-bfac-091c0474d17e,6740c7eb-31e2-475b-bc71-6ae9bedd42b4,Video,0.21,2
13c14a4b-2a8c-4865-a2fc-d824a15af23e,74199fe8-e8fe-45cd-a0eb-1a755f755840,Podcast,0.89,2
ee4ffb90-bcd7-45d5-ab42-56d07a7c8df7,78ab008f-2dde-497d-81fe-a5b70f13b704,Blog,0.53,3
074ebfc9-5974-49fc-9b3a-70a5faff4c3e,f2b6f95b-6071-447d-9bd0-a7263223e0e0,Blog,0.89,2
1a6dcb36-a38c-4c84-9018-008370dc4677,bd4cdd31-a226-4735-aaad-a309ab4f4443,Podcast,0.85,3
5623d882-72b1-49cf-97e0-3cf6f3cdd39b,f35bbf3e-8ce4-45a9-af62-4018e2a24b83,Video,0.55,5
f9b02c6f-08a1-4aad-a23c-398114e78991,4f7d4058-c6c8-4a2d-8c9f-db7f7ae43819,Video,0.31,4
075617ad-23ec-4b99-aa85-236a799ab040,81f51034-f5f1-4204-82c8-aed613a26891,Video,0.28,1
9fb121f7-7cff-4a1f-b5c6-1ddff75aafd5,14020195-bd94-4f7e-8a89-3bdf33e6c542,Video,0.35,4
5cc98a88-080e-4b1d-99c1-dcb8fa8f1b82,13351a25-8991-41d6-a163-6d5a21eb5584,Podcast,0.67,3
fad04b75-048e-49b9-8723-c833f01930ce,17f57e05-a059-4f96-9b22-0e8bf560a4d0,Podcast,0.32,3
1f82659e-e7b1-4476-bfb5-54428fc05f37,b68becc8-2fa5-41e9-bc46-9a592a609e7a,Blog,0.37,4
461194b6-48f7-4f97-85be-f12e07cdaa2b,56f4baa9-bcb0-4921-a213-f117a1ab3c8c,Video,0.55,3
1bd123ca-c3c2-48a9-b5d8-d4e98fe16171,c09c659e-2ae7-4cc0-87d9-209d01982d52,Video,1.0,2
5390a776-8098-462a-b216-0dfdc6ea1b84,31d0e57b-2f73-49c5-8cda-9b1a7d4bf32e,Video,0.3,2
0a1f0f4a-3395-4e45-9c07-7a14263c01ea,c2bb1616-5482-4b4e-b3b8-9d48ad3e1da9,Podcast,0.1,3
9a16222a-1212-4866-b4fc-057cdc1af24b,ac566178-501a-4dff-aac1-1ad45df08313,Video,0.18,3
99761a51-30f7-41d2-8160-433bca9b18df,e3440cff-fa21-474e-96ca-5de9cbefb62d,Podcast,0.82,2
2dc991b1-a391-46e8-8d6c-3eebce1b3f63,24b1e42e-4ff6-4c04-90fb-c45e2fc5674a,Video,0.74,3
5030bbae-0685-487e-a871-8ed3689dd19d,a560514a-3471-4fda-ba56-33c5758c1f64,Video,0.38,3
75f285c4-d30b-494a-8968-250551014a0e,4e08231a-6a72-4aee-a5b8-1259dfd9167c,Blog,0.24,4
df255215-2cc7-488f-9f6e-03edbc11fc52,db3c5bfd-6254-416e-a7d0-6cfa81093a4e,Video,0.4,1
5908dec6-738b-4140-ab1a-d3ad3435529d,61c41dad-cd17-47a1-adaf-8002d8175edc,Video,0.23,2
270432dd-a7cc-4cdb-a132-83b99b037b6e,3dab31c6-467d-4a48-982c-b13fa2300803,Blog,0.85,4
36896ef5-9dbf-4769-89ec-b19e3c47979b,8f51ac85-95ea-400f-94c8-25f628deb66d,Podcast,0.73,1
f24d3b3e-8d7f-4875-b0f2-8a099ba42be3,3989cf1e-e164-4726-a7f7-ff07f33494ef,Podcast,0.47,3
2aefeeb7-3da6-4335-aa5b-ae9dcd6e6412,7f9bcfda-5f88-4957-87e5-52149db076a1,Video,0.95,3
f40342b6-518d-4fcf-8b73-9e01161dd9a0,8f0b3165-2eac-4eda-8db0-988921ccd2ee,Podcast,0.3,4
0eb6f178-51dd-41de-b81e-e74ef7c52e30,4993b026-fdfd-4956-ac30-b6926f20e400,Video,0.81,3
2733f06a-41c0-4f20-b65f-3f19773c3871,8e3b028c-c75a-4f9f-8ec5-1bf936b111f2,Blog,0.78,5
e0b7433e-7d25-4d16-9dc8-bff042343809,1d84ce93-f9f5-432d-9a6e-1453d2a4de0e,Blog,0.39,4
f14e72b0-5ee2-4cb1-a472-5e36f521ce8a,726e9cab-2592-41b0-a58c-38028f718037,Video,0.85,1
91236f45-2f7a-4a39-8277-556b45ee13d4,64b4f784-4cbe-4a97-88dc-04d1fe3444f7,Blog,0.34,4
7d735a46-1c33-4b0d-9568-1a0ccabf28b8,159c0665-af87-480f-b073-c36c031f5ac6,Blog,0.34,2
1eb43aca-d6ea-4497-ad2b-18f959f97b4e,fbc5eeb1-89a9-445e-8dac-e9c9750cb69d,Video,0.22,4
0e0987f4-0591-41b3-8f12-2c798bed29f1,493c4e91-4edf-48a3-be75-76a7d676e8d7,Video,0.54,3
eb2f9f4b-bc2c-4d72-9cba-68e9794627c3,b5968c9d-c567-4d9a-8d70-49b2d14e5afa,Blog,0.68,3
21ac88be-e284-4550-a8a5-9cd33d2a053e,556924de-5623-409c-991a-25a584b8d620,Podcast,0.85,5
aaf05abf-6bfb-4856-ac16-8e5fe58df4bf,7bcef0e5-7eca-4eed-96b9-e126fc6f381a,Podcast,0.58,5
9a2eb334-ea06-47a4-8bfd-44a58d5224cf,1b9c588d-b33b-40e5-94c2-960b18592736,Video,0.95,5
b710a388-c0c9-4e1c-be4e-92b64f43bd76,4e3f4246-d67c-4053-8920-b771cb327965,Video,0.91,1
11179005-6174-4ab0-9d70-48975488d05c,e79196f3-6bd7-4128-8a02-7859e54d94f3,Podcast,0.24,5
c656e4c3-5955-4cf9-81e4-5d738317e531,91aa6894-2f27-4fbe-8303-cf43cce7f1f9,Blog,0.49,1
79f26be3-4d49-4c6d-a90c-941d182957a7,9829f14e-984f-40c3-a128-35a3157431ec,Podcast,0.19,5
192934d3-da0e-42fd-ad7b-01e1fadf8759,bfe5223b-0755-432e-ac51-e1e6bc770013,Podcast,0.65,1
23f1a2f5-69db-4521-ad67-b4e81833ecba,069cb34a-946a-4e45-a26a-d56822406d50,Podcast,0.86,4
d195bdb9-fd93-4250-b908-6789d2901032,852061a1-65ee-44c4-9e31-4f4ace907205,Podcast,0.21,4
458f64b3-b456-4977-be65-35763371ebd5,3f9c7a27-5248-448e-bb49-990f05028097,Video,0.82,3
eb8b89de-6d27-459e-8887-67868be07290,c137b04c-b426-466a-9579-15316659743d,Video,0.73,1
9f85c180-bfb3-401c-a317-6d303b3fe377,2e057172-8262-4916-aa28-49c463bdf3f1,Blog,0.57,2
bff61348-2a1a-4031-b035-f3a0ea684b8d,994df023-5823-45a8-b7bf-03998340b05e,Blog,0.41,3
abfca418-1218-4bba-966c-b9a44d2471e5,7408a55e-deed-4a5e-9530-61b181780992,Blog,0.38,4
96b5725b-cad3-49e0-9db8-e17a0d2b007f,5234b3eb-20dd-46e0-80df-3bb117cfcf4d,Blog,0.14,1
fc4f9d79-7041-44e6-96be-9001a6975053,ecf726fc-5054-453e-bf89-bc35b04e679b,Podcast,0.27,5
23c9d4e0-608a-498e-8290-960da879778e,75a89e7a-64f6-4556-8ecd-75f0ed410864,Video,0.13,2
5095e7dd-8d28-4ff1-9e30-653fc6d27871,1b5bb963-3659-48ff-a328-1ae47a40c381,Video,0.68,4
61cb7e91-a117-4d37-94d7-5f3f70b6cfd0,196b4451-5c6b-4e26-9f75-cb4af5fb35b6,Blog,0.18,3
f0989171-ae4e-4574-8679-babd44338b1e,d5eb3d5d-e369-4338-bedb-073c29dfbc2b,Blog,0.8,1
7a0eefff-d99b-43ba-a960-fb758e4ba315,c38c7bde-cbc5-43d6-93b4-597d0c8bcfc2,Podcast,0.52,2
1a18aa98-f5df-4937-a326-801d5e1f5dcc,15101668-5f47-4948-942d-b9b85dc06a05,Podcast,0.66,1
bb307922-6cc5-4f89-92a9-b9566eb7c259,e0c0accf-8ef4-42fa-a773-4a89d57bda9e,Blog,0.43,5
6a6703a7-927b-4cf9-9625-3147501fe80d,e80dbd6e-8d69-4895-9f24-227d59cada17,Video,0.66,3
9a1fd461-f14a-4434-9294-ae1b0bdcd31d,040432c0-e6b5-4cfd-97bf-cda4c710d202,Video,1.0,1
9dbeb146-3f4f-4062-b079-5e548e33e32c,7ddca35b-2882-4c9d-84cf-0bec8cd04061,Video,0.2,4
4fbc0212-a0ae-4592-b685-50c713424a89,872ffb52-1c8f-4b72-b220-45eb86a99a66,Blog,0.3,3
a1c2d256-345e-4928-b1ac-5b378a2e3683,f6ea96c0-5a14-45d9-9026-a04a4a99936c,Video,0.87,4
35fb5cd5-8117-436e-b403-8ae962e2b2b1,574e85ea-20bf-40cb-9a8f-c5749e7add8f,Podcast,0.18,1
4aa9175c-a4f1-4ebc-adae-74c702ec82e0,2d276ed2-96c3-4af7-b515-67f39aa7a551,Podcast,0.16,3
162ca3c4-c12e-455d-8ebf-800acbea60e9,e79196f3-6bd7-4128-8a02-7859e54d94f3,Blog,0.39,4
1c21a474-3c87-4330-9239-b5028a95abda,f4e351ef-7075-41dc-ab92-46b3ff561476,Podcast,0.17,5
7033add7-bf15-4d24-b2db-625e44147809,c4172ffd-2702-4c2e-be58-136b88786270,Blog,0.57,5
9537615c-8c8e-479a-8324-a9ba7931b452,9d735606-17cd-4643-8f71-b924c4914008,Video,0.34,1
a75426e4-930a-40e4-875e-85bb40d07450,61c41dad-cd17-47a1-adaf-8002d8175edc,Video,0.98,3
5ca98223-d948-4f1e-8db8-f051dcb13e40,ad283b99-ac30-44af-9817-9785d6da6392,Video,0.87,2
2c47eee7-6af3-47ab-91ac-a31f535bbc7b,9cea806e-b316-4a41-a297-1b75c758d703,Podcast,0.66,3
9015387f-95c6-48ab-8f3c-35a655e78b0e,b024ecb1-0f2e-44d0-8934-05e1fd424fc6,Blog,0.59,5
62ed8397-cde0-4008-8a89-c5daeb743c93,f78019b8-9778-43db-a180-b846d5969947,Video,0.95,4
4c3446a4-9a0c-408c-89b8-1ea73aed5b3e,32458087-5e8a-4001-95cc-fe2d99c82549,Blog,0.28,2
10a5ce08-522f-40cf-889e-df0a62974da5,e900ca7a-f1a3-409d-995b-8f4dadf1e140,Video,0.96,1
e3d2f4d4-53cc-455e-a964-ef0344f62214,e26a1597-a596-4ac7-8227-4414eaf427fd,Podcast,0.73,2
136a28ab-2d06-440a-80fa-2f77229e40b1,cae3dedf-10ab-4f48-98f3-0ec4a784b00a,Podcast,0.7,1
b9904a25-d15b-4d55-b7bc-78bfcbdadc04,43fa0af7-fc7e-4404-96b3-081607d0eca9,Blog,0.55,2
aa239c13-97be-4dfc-8894-fcafeeaa7f13,01502b7d-01b1-4e6a-bdc0-35fcaa2a3d4c,Podcast,0.3,1
fa760bc5-d370-48b1-aa76-446bea4ddaaa,a079e625-13e4-4df6-8ac4-9a68f90da617,Podcast,0.44,1
511f2782-3c5b-499e-8b43-4f23c773339d,9aa9a992-8a05-43b0-9b22-e71cc96cab4d,Blog,0.73,2
1fda94c0-8093-4b15-aafa-2cc7c9981e2a,79981c75-673d-4046-b253-a30ee8b7d4c4,Video,0.15,2
14497d26-8df8-4af2-96c5-a03048863af1,3891e03e-326a-47d7-9de7-f47e5c4dc707,Podcast,0.73,1
ad92747d-4045-43db-9751-7a2832b212df,2f3f1436-b450-4ba1-b62f-a9a9fa8a4125,Blog,0.29,5
3b7d873c-268c-42b6-8642-c8e5d8df47d8,905fa8ce-c508-483a-b41d-f34e178793ce,Podcast,0.22,2
f4b75bae-10fe-4da4-8701-199b184a7303,8933a726-cc32-4fc2-8aa5-ad87a13993c5,Podcast,0.19,3
68896bef-72ea-467b-8d3f-784cfdd4ded5,6c45cbb1-7f6e-4b2b-abee-22d4f6716d93,Podcast,0.12,4
2036cc33-7ddd-4a78-a419-e9641985c98f,89afa9da-7036-4bb4-890c-b5dae22930f8,Podcast,0.52,1
01ef2342-a3fb-4734-8d05-a6f547b5da49,04213ecf-ce3a-4317-831d-2ac6132c9b0e,Blog,0.27,1
a0611634-8f07-454d-b7dc-8ef932cc056d,ae2d7a15-1610-4cc7-a0e4-954ce710a0e7,Blog,0.89,4
6257a93a-1db1-452b-9d64-8d4268f5f375,1d3ac614-91ea-4ae9-be64-5777d1e6cb2e,Blog,0.56,5
dcc75377-5907-4477-b7af-25dbe3cd2d52,4405822a-f6da-46fe-bee4-844d7bf339f7,Podcast,0.21,4
db7a0ccf-fbef-4154-aa3e-9104fe4682ac,69a2964a-06e4-4a68-ba14-d79ec95b7b7b,Podcast,0.65,2
47e9d9b6-3423-4b24-8d1d-8940753db110,47c850f3-1e6b-4242-997f-21d6dd741130,Podcast,0.82,4
edcffe64-e0f1-45a4-9528-e1fa09701010,82157b18-3aec-4a0f-a43c-99edc8ce9b1e,Blog,0.7,1
fdf09f4f-748e-4279-9006-29a6a0698f4c,92207ad4-b7ad-4695-a522-b1bcae7c97c4,Podcast,0.16,4
68ef8c8b-4d19-4b7c-8183-81a227f23b4b,2051a145-7458-460f-b1e6-77f69546614b,Video,0.98,3
8f89a946-4078-4d25-9062-3f0b83a1abce,e26a1597-a596-4ac7-8227-4414eaf427fd,Podcast,0.74,2
d8f60146-1d8a-44ad-99db-247d2b2a37e1,4eb51402-3da8-4347-b1ba-052c5ce6102c,Video,0.27,4
564849f5-491d-4546-8a70-38627eb29344,e60b77a8-8382-4b1e-b1ad-f1f99a960aa8,Podcast,0.14,1
ca98278c-788b-4e16-8a2e-d5f0c9bb5e2a,1fa7cba6-f411-4a4f-b4c0-afc082aba39e,Blog,0.55,2
006e089d-85cd-49b9-86cf-c6e9527efade,f5858b8e-e9c8-41d2-9d80-5d2c23b29bc3,Podcast,0.22,1
d836b98f-35c3-4e37-be02-612abe04c230,bdd6fc77-0af1-45df-a17e-2e00c91a8c4b,Video,0.92,5
7f922d4c-efd2-4abd-b1ff-2a6efb703a40,8421483d-722d-4204-aefa-ef420348007a,Video,0.46,3
68f685d3-f980-4319-83b8-292fd5e205aa,8a3b0015-fc95-443c-a429-782e7ab962e0,Podcast,0.83,5
336b8ae0-1bc5-47ad-b469-fb18e28e6509,4563dbf6-ef68-4ba9-9525-ff38a883c07e,Video,0.66,3
9ac0cdb6-afcd-4ac3-93a5-f0a610a3fa07,f992f77e-d407-46e8-8e35-0e889adf9149,Video,0.3,4
596dfbfd-fa0f-4a06-978f-d05cf07e0a69,4d48e699-6fa2-46cb-b1fa-d7380d6b5a07,Blog,0.21,2
ff91b430-0e6c-42ff-b1c3-2d7474e3e46b,1b9c588d-b33b-40e5-94c2-960b18592736,Podcast,0.56,4
9e49719c-e462-48b0-81b4-805da6d274e9,8a3b0015-fc95-443c-a429-782e7ab962e0,Podcast,0.71,3
07059d4f-aa5f-4f79-b28b-68e65599c628,b1aebb9f-d45a-4d0a-89d5-01b266efa750,Podcast,0.73,3
55d1afc2-f7fa-455e-bee8-9fe60312401f,7b8677fe-7990-4635-877b-d52f83b87399,Video,0.38,3
9e54bcf5-d8d0-4955-9f76-2f136c72788c,c27e7f50-aa7a-433e-a75a-7b65f68810b5,Podcast,0.26,1
57e84b72-aaa6-44cb-93a4-00eefe4f8957,b5968c9d-c567-4d9a-8d70-49b2d14e5afa,Podcast,0.11,2
1c51f657-422a-4b8e-a341-8263c99942c4,78ab008f-2dde-497d-81fe-a5b70f13b704,Blog,0.64,4
deb81a50-bf02-42f9-84c0-b0d5b220f6ee,545714e3-3bc4-4a67-88f2-c94417153eef,Blog,0.16,4
70eec298-5ac6-471e-842a-1540e54b0ff0,e81d8bd0-0d61-46e9-b077-9014297c4101,Blog,0.44,5
9c83a021-9741-411b-ab58-51b2ed5312ad,32b6de12-931b-41ec-afb8-679a1a82a3f2,Video,0.7,3
0456123e-23da-43e5-b0c0-bbb8c701bd13,3538eabe-9ab1-4bdf-a465-5632e11d5ed9,Podcast,0.85,3
7af38792-f352-4264-9b8b-9a9974c458ff,cdb2f6e8-f785-4af1-8638-6b75b40612df,Blog,0.35,3
0b1e56ce-c2da-4e0f-8618-28c8e45d87d9,79acb9d2-0755-4a97-80a4-88e53674467f,Blog,0.3,4
05d42082-c2ce-4172-a0b7-ea2cd97c174c,ecdfc9ba-a1ed-409a-8947-d48d19d3678a,Blog,0.62,5
62f3cdf7-682e-47b9-9fb7-dd61975a0814,36535db9-fcbb-42c5-ab71-f3ef49ed73c0,Podcast,0.6,1
c49c0970-b720-4a2c-a217-fb3c779b8f53,feeb735d-03b7-409b-b833-61a9b0de8d28,Podcast,0.37,2
046c9b0d-9dcd-4cd1-890b-00e78efceae0,9bd71822-00e8-4ded-b2f4-ae4753424071,Podcast,0.84,1
2b2e709d-3045-4629-9607-e6d418632baa,b6c7a6aa-b1dc-4929-9773-433a167ef0e8,Video,0.93,4
fd7f0e25-b178-4e7e-a01d-d1f633391529,65963bfa-97ad-4be9-8784-afb13b9f508f,Video,0.34,3
cc695667-3983-4d05-8224-0369c4400c88,73c3b48d-a25b-4bef-b9cd-d02adb895e61,Blog,0.29,2
efe4d723-259b-45d0-8555-c0edbd24ab67,87cb1104-9ab8-4f18-842d-2a45f696f528,Podcast,0.51,4
51291596-95e0-4a7a-9a97-e2f103e332d8,c2b225ee-04aa-4ae4-aff3-8a3df25741ba,Blog,0.72,4
221d31f1-a6cd-41dd-b5d0-232ed5519824,829a69a7-7303-454b-976d-2f1f9e62ed49,Podcast,0.14,4
35a6441b-81cd-4d91-ac54-3243542c72a5,e79196f3-6bd7-4128-8a02-7859e54d94f3,Podcast,0.65,2
e6a3d53e-efee-4103-8676-18bcbf62f9bc,f1711614-b648-4337-9a0b-e9517744767f,Podcast,0.62,2
6b8894f4-cd3c-4420-8bce-2efc23f5450c,02d365ea-cbeb-48dd-990a-d61e860a3057,Video,0.34,5
8d82dbd0-561c-48ee-a59e-4a8e9ed87e56,d98fce66-705b-4ebb-957c-bbc661fef525,Video,0.77,5
5b85be40-182e-41e4-a752-efd7b31c507f,075bd229-f48d-4266-ae87-20014295118e,Podcast,0.85,1
833e7066-d05b-4953-bd49-e4e2e7c528af,547bf36d-4332-46b1-a12f-393d87ac7a40,Blog,0.14,2
5fc44b2c-be5d-44d4-8f74-71353972d968,9aa9a992-8a05-43b0-9b22-e71cc96cab4d,Podcast,0.36,2
c643627b-4f04-4076-92c4-cee766d468d9,9b78910a-62f9-492d-9456-549725103a3f,Podcast,0.45,2
7cb19bbc-0e74-47f2-9ae7-95fad58b9ee3,de5d039b-2a7d-4d92-bb7a-b2e710e1e3e7,Blog,0.82,5
822c559c-458c-42e0-bee4-0175fd93c553,ef61aea3-1af5-4bad-b0e3-3f3a471d7043,Podcast,0.87,4
a760671f-a46a-4177-9896-3cf8d8d6460a,dfb8f9c1-f0c9-4735-8663-be4014fa77a8,Blog,0.46,3
582b94a3-3d22-44b9-97e2-63598241dc65,8a639d87-79f7-495f-a90a-3b57a2109f77,Video,0.84,5
e628f04a-0a2c-4c06-9a7b-3b3255c1d901,d92a76df-0052-49e0-9e45-a535f0a8217c,Video,0.63,2
167d63d8-60fb-4fd9-bc68-1b101a961177,0186fea9-adb3-4db9-9e60-8aa59dab2cb0,Blog,0.53,5
4ac74d63-d1ff-4d69-8f10-f8c5a1371842,45098cd2-050c-4ae1-a289-1f498b45462c,Video,0.39,1
cc502dd7-73e1-4213-8628-22bef455f2d0,9a410798-8b66-4b6e-9915-31efe053693e,Video,0.33,2
bfa2dffc-3e74-4471-90ed-a5b2dd0f92e7,9cf11a04-f1e1-4f80-8dd3-514eaf4a1889,Blog,0.33,1
556d06ee-89cb-429a-9c80-009046c4861a,c559175e-6677-4d21-93ae-fa0a63389730,Video,0.65,2
81a3e783-0c6a-4a49-9c59-86ba1c55f66a,6e67711a-4de6-4068-8d08-a582bdc6db6c,Podcast,0.12,5
5f78ff9b-db7c-4b96-b2df-98fb3b79148d,583f13b1-af4a-4d3e-88b1-b443fb3a52a7,Podcast,0.83,4
af33dc6b-3b56-42ea-86f5-8e93bd327365,87310c0b-0328-4b32-a052-185861806257,Blog,0.23,3
b9ed69f8-d699-488f-be60-bcce98bd0533,3db43f76-4726-46b0-9baf-1a7a75bc1a18,Video,0.33,1
be286051-3171-4171-b591-10f47c3e2709,522fb0e4-07df-41f0-9d01-00a0dd56c9b4,Podcast,0.51,5
f5726c3e-ff46-45b4-bc26-f20be0592505,eb2d6913-4e3e-478c-bfb4-59be53d63dbf,Podcast,0.67,4
0eceb27b-44b7-4ddb-9712-e99b7511f9f3,01502b7d-01b1-4e6a-bdc0-35fcaa2a3d4c,Video,0.21,5
9567e6a9-ea65-4968-b50d-acf8be5d3e6b,4e3f4246-d67c-4053-8920-b771cb327965,Video,0.42,1
e108ed1e-abe4-4c9f-8d04-fc4d59958419,e1c4b653-a210-4526-80bd-2eebefec9939,Podcast,0.87,3
b5bd4b04-c479-4510-aa21-f20999909039,68a0e599-3f99-4752-a3f3-5f2c69f29444,Podcast,0.31,5
94254854-bf86-4216-b3fa-b3c142b5776b,d98fce66-705b-4ebb-957c-bbc661fef525,Blog,0.35,2
ffa220a3-cd89-434e-8ea2-1d38ebe50d3f,8a639d87-79f7-495f-a90a-3b57a2109f77,Blog,0.77,4
44b8fae0-585b-4eec-bee7-66862bcd1b1f,375ad1a9-ba05-4a1a-9ae5-3a3d8ad59883,Podcast,0.14,5
c438e082-82ac-4978-9e4c-8e028fb1a09a,f994ff6a-697f-42fd-ac6a-b4b848914731,Blog,0.47,4
e81978d5-44d4-468c-b85b-e56b9393f1f5,d21bfda8-dd13-42db-8a98-b90538014adc,Podcast,0.4,2
18bc8b31-1a09-453d-8b11-3d5d9067548f,2d3357be-f2d4-4617-bd49-f3feb9541c74,Podcast,0.35,3
5f60521a-b1a3-4dea-8184-4c20d5783d55,5038a3c8-abff-4f53-a8f2-47001021f787,Blog,0.33,3
4e9cfd9b-b542-435e-a92f-11e55e33c300,e3440cff-fa21-474e-96ca-5de9cbefb62d,Blog,0.17,2
28298c7e-c73e-4fae-9c3a-76f96a078d0f,23f82409-958c-41b7-bac1-34e99c5eb0fb,Video,0.42,4
4ba9d806-0e3b-42af-a729-f79b445b50e2,106f668d-c47e-44e8-8251-82a713de884c,Video,0.16,5
7a76e222-4d6c-473d-a348-388493867d5e,fdacf4e5-7ae1-468e-b68f-ed26fdae8883,Video,0.87,2
de99ce59-484e-413a-87fa-a4d3a1b3b3fa,a462eb2f-2c59-4731-9898-bf6266a4c47f,Podcast,0.42,1
7a6caf13-8f1b-4dd4-9080-4b42eeafbff6,952a5bbb-7582-4955-8eed-f50e3721292f,Blog,0.46,4
03368a44-9c40-4ffb-bc0d-54fe9b21c942,bebb04c4-f49a-406a-99cd-10a5ecddfd04,Podcast,0.81,3
176fe7ea-43c6-4cf5-be68-2a6a44c7f7a9,fb12bda2-1c91-4a90-bb25-03f379b67568,Blog,0.63,2
aa6b611e-770c-4f80-9956-84cf2e375c9c,d204815f-2d0d-4da9-b59c-af99b5302e7e,Podcast,0.11,3
13aa78a8-c444-4ffd-a69b-cd688941402b,fb7322d4-b1a9-46c3-96ae-1ccd82a3a7b4,Video,1.0,4
72523116-af6d-43d7-bc6c-e828a0eb59ba,fc04cd59-0b3c-46e6-8a5e-cc3e9f38a148,Video,0.35,3
d74b4f25-6c86-40f7-bfa7-3445e0dc7723,8d13f143-7528-4776-9074-846e7370330c,Video,0.22,2
0e3fe99e-e48d-4e9b-a92d-4ded406238dc,57e91d7d-7076-4b76-9e57-73368e5e6ac3,Podcast,0.71,4
1dc6992d-b315-4bd5-a5cb-881630891580,cc38c612-db29-49a7-97f7-c6bd6b977f54,Blog,0.5,1
b1804f29-4652-45e9-9161-4c6189bad533,6b1f9f64-e657-4ac0-8d98-674d70a8a30b,Blog,0.45,2
254a11a2-fa3e-41ca-9233-2c8656dd9fd5,a9122d02-463a-4d43-8a94-1bdc1e9bbd15,Video,0.36,5
95766092-e3bb-4bf1-b415-2e9baf2e6116,19c621a1-305d-4846-b6f1-e9806e0ad9e1,Video,0.65,2
1cc1e776-d92a-4881-9c0c-25ae656346f5,ca35ae97-8f2b-4508-8085-a9363b9a6994,Video,0.38,4
5ea43b4c-f073-4da7-b460-0207f8f2caa7,634cd82f-aaa2-4f8e-ba5e-ee00f683c70d,Video,0.99,2
8409e9ba-4816-4d9b-ae18-b17056a6863a,75c93e70-8082-484b-a0b6-4ea590bddcb0,Blog,0.27,1
67ed718e-ba28-4825-9f1c-b113b8e61f74,9a79025a-1c68-466c-b8db-480ad4746186,Podcast,0.81,1
3ee6c517-af74-4d10-bc60-9add1e618e15,5f631cf0-bd0a-4b05-aedf-0dada0ecaf78,Podcast,0.55,5
50e70f2e-053e-4fb4-b740-9807d56d8767,46ef6836-2806-4855-877a-7b85fc6a9d32,Podcast,0.76,3
7834c012-2b78-4362-8825-d700d0e737ac,513e1a38-58ac-4794-80f7-1337ace6fb49,Podcast,0.67,4
010acbe6-f0b0-4afb-a949-0469d1293668,6773143f-00ae-4bcc-b71b-cbf31f712b13,Video,0.79,4
65f14e5e-f450-42bb-9f94-6d5e70ab0527,0079c607-7df9-4b93-ad77-539fa31c5859,Video,0.43,3
f6fc13de-36b9-4660-ae29-4af2b459398e,9085fff4-912e-4da8-92f1-7a36d241a940,Video,0.34,1
ebeba77d-8015-4a8c-8e67-2ba3ad8baff7,15101668-5f47-4948-942d-b9b85dc06a05,Podcast,0.27,1
c9f9a284-af85-4d5e-b16b-e60682d43458,ca13026a-227f-4ccd-8fbc-21e8968072f2,Video,0.94,2
b5a0f6d7-b9d8-47db-a948-e6f399ba6bde,c7037880-74ef-4bef-98ca-f288ba873a23,Video,0.91,5
f84d1cff-6b09-435e-a1b6-c3bde0b51bf1,d795b5b7-bb19-4d53-997b-09471f52b769,Blog,0.45,5
d17ca6e2-f579-4844-a611-dd250ad99fe2,ad283b99-ac30-44af-9817-9785d6da6392,Blog,0.21,5
f6d95287-30b5-4304-87bb-4f5010f7af8c,9d40f18f-2833-4efa-84f6-0fe6dc345e6a,Video,0.49,2
67be30e3-e3df-41ff-845e-7d1e01bbf278,81757ef8-f391-4f89-8fa1-b366d5c56415,Blog,0.6,5
ec8fb62d-7a48-43cc-92e7-85d617c9fb4d,2e0f72bc-29b4-4ac3-8a5e-aa0d10f332a9,Blog,0.46,3
be4e42d7-f408-457c-96ac-e9b42e56f825,4eb51402-3da8-4347-b1ba-052c5ce6102c,Video,0.87,2
a6712b46-1f9b-4b2e-a182-dca44c8eabfd,59b3037b-e673-4e85-9d03-99c3f7e2962c,Video,1.0,3
47908dd3-55ed-450b-ac7d-62230cf68e9f,43cf0733-a656-4e6e-9fba-eeed53a7b66b,Video,0.3,2
b3607a08-e102-4b66-a692-5ae2280cd580,dd4ece98-9cad-48b9-8de5-c28e4c1bf830,Video,0.56,5
05d8ef88-4135-4f04-8403-955a9399d548,17f57e05-a059-4f96-9b22-0e8bf560a4d0,Podcast,0.44,3
a5ab469b-d331-49ae-ad11-36880019d2be,09a8ae73-3754-472f-a2e1-26157ce75478,Podcast,0.34,3
aff4436a-efa9-431a-b539-6fd33dbb86bb,fb4fda99-5b87-4859-babd-a854699ef65f,Video,0.31,3
81dd1fab-35b9-4431-8c11-4902214c12f8,1d3ac614-91ea-4ae9-be64-5777d1e6cb2e,Blog,0.15,2
474d3d1f-a0de-4cdf-8755-ba4f9ab9cde0,ca35ae97-8f2b-4508-8085-a9363b9a6994,Video,0.97,4
909cacd1-739a-4683-9abe-492522083cc4,c0217b93-4836-40bd-9b8d-a770f2de7b53,Video,0.52,5
eccd4e7e-8a8e-4507-aa96-4fa99922a220,2e520b9e-8583-4a4f-afde-9056bb910822,Blog,0.5,3
313f367f-04a8-47dc-a2f9-ca140c5164b5,3fef4109-144e-4b9a-8f55-04fe9b77d4f2,Podcast,0.83,4
a23baa87-539b-4609-9804-9d4a30f1db29,75670f7a-afba-4a3a-a7a3-354454e928c4,Video,0.87,5
669eb2e3-d151-44b2-868a-4a779d199095,cbff6165-3365-4dd8-8442-660cf6585f94,Video,0.25,5
3b0daf20-4345-40a7-ab60-0d4e0dd2b719,a0cb26e2-1dc3-4c2a-bb7c-8dc33f2fcdb3,Podcast,0.55,3
6e72265e-8fde-4b14-aae0-c89a40749558,4e4a8707-95e5-4595-aa92-e1e2e62a7985,Podcast,0.45,3
b8999fc7-e6b0-4274-976b-42290a696aa4,f1670d25-ed1f-4d8f-a939-4b6813a2d014,Blog,0.74,2
56b3e337-1722-4b5a-9087-f0c73d6ee5d0,975e611a-6583-4b04-bf33-c5568f53eeae,Podcast,0.68,4
b4a2f5f0-a586-42df-b2e4-deaa6f38f489,2051a145-7458-460f-b1e6-77f69546614b,Podcast,0.65,4
fc52f6fd-9fe1-4285-8d8e-a3d1288551ce,545714e3-3bc4-4a67-88f2-c94417153eef,Podcast,0.37,3
f0fe94fb-f789-4c42-90e4-adceef8b70f4,050e890e-ca95-4cd8-8768-048080262945,Blog,0.74,5
5653c4de-96b5-4c42-a531-71fed0d40a49,12d73482-afd2-4dd4-a504-44b45094583f,Podcast,0.14,3
b6e9444f-e914-4778-bf99-e7f466cb0265,178f0292-0d34-4c65-b7e9-8f657abc8308,Podcast,0.23,5
3a9747ae-f50a-45a7-8072-bdee31a3c3e0,59e8c74d-b490-4f9c-829b-7db400045cd9,Blog,0.37,5
32a88803-3a5a-4bf7-9c94-c3a24c0f2444,0dd0c326-f540-4efe-962f-e4421660295c,Podcast,0.16,3
eb2086ec-d998-45a2-a565-fb3d08bb3cc2,5b9642d4-5b60-49c9-9291-ed0769c36720,Podcast,0.29,1
bdc36cc3-a34a-46d9-8dd4-2f7852e36fa8,9b74531e-da37-4265-a240-919e0f5fd0e9,Blog,0.76,4
cdf9e23f-7c39-4a10-a578-47bdc8f0eae2,f4c874af-4604-4f90-ba4f-4de8869fcd79,Video,1.0,5
861c2d9f-c514-4958-bf90-68811a6c860b,61c21cf5-667d-47bf-a1d8-3a874010ef0e,Blog,0.34,5
b0d40af0-0d17-4c24-b160-237ee38412c7,d8bd9822-defb-48f6-8fcf-3e01e47a9b47,Podcast,0.31,1
b246ba28-1838-439a-9244-420d7707643f,bdb742bc-699c-4eef-b5ff-5510e3d740d9,Podcast,0.32,2
ec5fd427-371e-4eb4-af0d-f24a48eb4c59,4962fabd-5b2f-4f31-a412-773160d5d3b5,Podcast,0.32,1
503d7507-0005-4aaa-8e8d-8aa7d0a68db2,ffc8f5c4-1aee-4508-b88d-d762511976e9,Blog,0.13,1
bb68da42-5f9e-429d-b79f-46f896af49c2,1b45c892-335a-4092-87b9-6f9d291ff177,Podcast,0.84,5
4fa8bb28-3917-4fb1-a1b1-d5eb346ead0f,8f8c5c91-7a58-4e70-b2bb-6b0f94b1e061,Podcast,0.27,4
11ea2148-04e0-47c6-be98-abf23f9c5cba,1fa7cba6-f411-4a4f-b4c0-afc082aba39e,Blog,0.44,1
e4289300-f41f-4f1c-bbb5-e34835885227,2c079f44-41c2-4aae-82d2-65e6bec17afb,Video,0.13,2
39a1774c-a679-4074-ba7e-b955acce5cf0,7fa8b79f-275a-4a9d-a311-9f43c99ecad4,Video,0.94,3
c1625b8b-b339-42cd-bfd1-0d8e59052a68,930a51e9-1a76-484b-9a2a-62d4e6fafb07,Podcast,0.68,1
da539cc7-ed3d-4738-a85b-1c174c1dfd19,1d84ce93-f9f5-432d-9a6e-1453d2a4de0e,Blog,0.86,1
57449e92-690f-4527-9bea-ef4c95be8a9d,bacd43f6-cd7e-43f5-93a0-d1ef5618f832,Podcast,0.73,2
db6799e3-5174-4543-bac1-d40ed04d53a4,baba247d-bd08-41c9-a093-aa8da24bc902,Blog,0.35,4
5bb813b1-a70b-4e28-bebf-fa475d60493d,493c4e91-4edf-48a3-be75-76a7d676e8d7,Blog,0.3,1
1fe311e2-8485-4653-a2c4-ac50bd60d00e,264c18df-cf41-49fd-9bd9-9f17b9e68549,Video,0.79,1
81af875a-1cdc-4a36-a6b3-2858ec587b8f,e699ec39-cb14-4fed-80d7-d99745921d32,Video,0.47,4
39781ba5-5f49-4d93-976e-c9cd817e59d2,545101b1-d0eb-4895-9f94-96e3451e31e1,Blog,0.55,2
8aa8dd30-542f-4845-89e6-0835028773cb,a079e625-13e4-4df6-8ac4-9a68f90da617,Podcast,0.11,1
cbb0c59b-ad45-4072-bc54-3ead81d69282,e3440cff-fa21-474e-96ca-5de9cbefb62d,Video,0.18,4
8ca56ad3-9b33-4d8b-a509-d09ae2dc9d0c,729a49ae-2687-4226-83b5-e36cff334566,Podcast,0.53,1
5812518b-38e1-44f4-baf4-ebb19668aeb1,afddc49c-134c-43eb-8234-0be97c5e1a43,Video,0.66,3
fa39b2ec-eb7d-46fc-80b3-68f7f9147e43,15a002bc-6a86-4344-ac74-509ef390161d,Video,0.84,5
389174a2-c04b-4cf5-a3ad-fc92ebc68378,20886e7a-dd40-4094-8f44-73fabf166edc,Podcast,0.21,3
f59ed666-ae92-451a-8bdc-f47f2ac66d61,fdb2309d-a7ea-435d-9119-99cd57c82f24,Video,0.61,1
f13ce98a-cfd3-4634-807d-7522f124592d,62b8ed3d-f1be-4961-96e1-17c5d73a1d96,Video,0.31,2
486a9267-ec29-4681-93a4-e54910638710,27932057-5b4a-4e17-9c8a-6a8d028c9803,Podcast,0.17,5
06c36d26-25b2-4275-8f27-5fdbe532bf71,7446bbef-dcac-4e28-a38c-7ba3d2133b12,Video,0.51,3
e7d52594-54d4-48b1-8b63-462a4febf0f1,7d3b1c5a-b30b-4695-924e-5a2bec44e7c6,Video,0.28,4
b203b310-e287-42a4-9030-a411614fc399,4eb51402-3da8-4347-b1ba-052c5ce6102c,Video,0.33,2
e6fb98f5-3a97-4862-99ea-3a568ae97936,7f9bcfda-5f88-4957-87e5-52149db076a1,Podcast,0.35,3
faa1a77e-24a7-4620-871b-434a4e1ce352,d3c0255b-4cd6-4cc8-82f1-e3973248e9de,Blog,0.31,4
472336b1-c7ae-4def-b442-9ed1ca497f1c,f57d611c-f0e2-450c-99a2-69f213f46dd7,Podcast,0.17,1
17740497-61c3-428d-8d50-3dccc727833d,098eb340-3d89-4c42-ac64-44cf1cb2e4d1,Blog,0.17,4
5cbbc3db-0fc9-4619-bb9f-98878e039953,6f84079b-2137-49db-8da1-03a1eaa362ee,Video,0.31,3
a435bd01-ab2b-42b7-ad21-774309c64c27,cb8450fe-aab0-4b3f-b4f7-dc6044d1b25b,Blog,0.14,3
49044128-b13f-4c5d-ae38-c2052bef14e5,c69ad0de-420e-4436-b5a3-91d56355890c,Podcast,0.6,1
6c7d1bf4-9394-47ee-9108-bbdda6811918,03a9ad90-3ffa-438f-a049-dcc440081474,Podcast,0.33,4
15b7d4cd-cfb4-4e89-b56a-f6268a70ed71,93f316e9-6eae-4055-bcc8-008513b01ab4,Video,0.39,4
76e7907a-5fc5-470c-bd5b-3a4b1249b130,328854d3-3e88-4fcc-af0c-b9e3607d51fe,Blog,0.37,1
a0cababf-b076-4c20-b19e-9069bee52399,f7b7b1bb-4ee2-405d-9f62-557b818d7abb,Video,0.76,4
27ed1fd2-8e7b-49f6-bf8a-acc66ee2716a,e0baf1f7-0619-4175-83e6-25fde42105f4,Video,0.96,1
75871add-bbb5-4ed6-bc7e-dd2592748bb3,eb56db37-7d67-4f26-9f13-4b86fbde0bd0,Podcast,0.71,2
92736965-15a8-4318-bc78-1b362cb5161e,bb1faa22-5639-444d-8146-e359a992d3eb,Blog,0.68,3
88304dd2-ba1c-45cc-bb81-71ef1457b385,56cef295-ed5a-444a-bf7b-3933f3ff25e4,Blog,0.49,2
3b65b735-4a6a-422e-b81c-c1dfe4134533,0a95a49d-8630-4bec-837d-66a608204728,Blog,0.66,5
a6d2fd5d-9b21-4544-97aa-3d69bfb431f6,d1782a80-c2a9-4fd7-bc73-821d383da380,Blog,0.54,5
3d6720ff-9b32-4119-9a75-963fcb3c78b2,43a8e5e4-9e75-4656-8ccb-15d65e41ee3a,Video,0.33,5
bd43d76e-a542-48cb-b189-14f6f2e2b803,9edd8d98-9a53-4882-8ede-dfd1dab93cb3,Video,0.32,1
3b94f483-6e6f-493a-ad70-70a5bebc421e,9655d075-d0ff-46aa-8a38-f3d30e5c61ae,Podcast,0.34,4
b645f260-f642-4531-999b-60321aa6cb87,76165010-e162-4cd5-b20b-ded821b01ce5,Video,0.99,2
aefbcb26-26b8-48d0-ad07-be64e7b569ed,f5e808b1-3484-4715-af8d-46f485c6a464,Video,0.65,2
d06f0326-4348-443b-a83e-bbf6c64bedc3,c763684f-0ab9-40ba-826a-c0c3ddd8d669,Podcast,0.69,2
783a8f67-4244-454c-8c59-1a2e521b85f0,6f4564ae-278c-4215-afdf-7221d791f404,Podcast,0.38,2
0a103203-ea19-495c-8367-26a6a9d044a9,75977219-9e8a-4566-bcc3-5c6576bd4fa5,Podcast,0.43,5
6b1e8640-67e8-4ded-a470-04ccff72af0d,26c6bfab-f810-48f0-8e4a-774283f4f4db,Video,0.24,2
85ea2b52-a2cf-4955-9db3-2d731d86b6a8,4563dbf6-ef68-4ba9-9525-ff38a883c07e,Video,0.28,4
1b6ca3e3-49c2-4a1a-8b31-47665d3e4b87,e3440cff-fa21-474e-96ca-5de9cbefb62d,Podcast,0.76,5
9e98f923-ac4e-40a6-890c-2e1adf0d51ce,86f93c64-b099-404c-8a0f-55bde458d107,Podcast,0.57,2
2527ad92-cad8-47c4-94e6-e498757ac25b,9cc000c2-6b64-414f-a465-ee2ecd26d22e,Podcast,0.37,1
de7f0fbd-a263-406a-997e-621225ae3a6c,7f9bcfda-5f88-4957-87e5-52149db076a1,Video,0.89,3
c6074fb4-dd7a-460e-8c11-9f5b1ef2df0c,829a69a7-7303-454b-976d-2f1f9e62ed49,Video,0.36,3
815e8825-f23f-414e-ad48-9c1fa8d632eb,0252e12d-7292-4bfe-8124-bc9a9b312951,Blog,0.88,3
3f0faf4d-4c8f-4bf5-9a1e-1dd81884bf37,4954a003-e1c2-4d9f-96ca-a2b39013ab91,Video,0.45,5
d864dda3-e337-46d1-8b33-141a0f0a8ee2,fe4978be-e2c8-4c60-b264-247660ee4b96,Video,0.44,2
871e16cd-0066-4e6f-a8d8-9c36dea882a4,d5a10081-b9c1-49ef-87c6-0738b445e99a,Video,0.42,5
7c2bf3f8-6b7a-40fb-ab2a-f8d7c0fd1e94,1762e189-244b-4cd6-9c85-d964e7485678,Podcast,0.2,4
6ab3e16d-85ae-40ba-a0bf-2f2db507f414,9a79025a-1c68-466c-b8db-480ad4746186,Video,0.23,1
47895d2a-1498-49d6-831c-ac8f6528fa2c,796cc761-2d3e-4c60-afac-ba0205186a7d,Podcast,0.62,1
8d144bc3-eed1-49e3-b48f-4eb630340be2,1b9c588d-b33b-40e5-94c2-960b18592736,Blog,0.8,3
5340e095-4779-4a04-b9f6-bc2ccdd8c357,1f6ba9a7-5d12-4ef9-aea8-b7556187d22f,Blog,0.73,3
59b585b5-97c7-424d-9710-0554cf5c39f3,ebce449b-a535-4fc5-9a33-fe780d0f2d51,Podcast,0.21,3
ea69cca1-7cf1-4706-96b5-cbd4346e9c3a,e3f7d745-23d6-4d0a-a243-87ba58b5e4d2,Podcast,0.54,2
a8ff3d29-68ed-42ab-b57e-77eb8baa7f84,e3670b29-4cf4-4ba3-b3f6-c2abf0d2a135,Podcast,0.18,4
ff3a9af8-be14-4774-9ff7-5c03a987bbba,6ad2abef-630f-44b8-830f-a4cf89c6dc7b,Video,0.16,4
69912dec-bbac-40a2-8942-576aef05b31c,157ca518-e87b-42ab-a754-8cdcbe226e3c,Blog,0.63,4
9aa1efb3-e4b1-456e-a819-64055769adb4,826862c1-3e22-4c66-8be3-25be40a02ee5,Podcast,0.53,4
987bab61-5ea5-4e78-a138-08a47450f2a3,33f92f41-7e4d-488d-b01a-f374ea6a9389,Video,0.2,3
1d4793d9-675a-4c4a-8822-9e5242ed5ba0,8d15951b-098b-4166-9c5f-4ac82246f649,Blog,0.13,1
238579a2-eb28-40e0-a00b-7af5bf799667,9edd8d98-9a53-4882-8ede-dfd1dab93cb3,Video,1.0,3
172b5d1a-b56c-41b9-9a7f-18e784533fa5,10d700d5-7d80-4970-a6d5-0279d4571b81,Blog,0.12,4
c7f1ab03-dd60-4921-a125-2fccf7aa282a,86f93c64-b099-404c-8a0f-55bde458d107,Video,0.55,3
23787e28-96c3-4891-ad6f-7560951b3394,e0c0accf-8ef4-42fa-a773-4a89d57bda9e,Blog,0.5,4
43d542f6-ff5d-4252-9498-e85c73667164,eedad0f0-4eac-4dfb-8488-af4572aa6c17,Blog,0.19,5
f881660c-097a-4166-898e-86806601965d,dfbece67-cb30-4723-8d9a-177510f91bb2,Video,0.28,1
5be3da18-93dc-462a-850e-6209c1f675c6,8fb777dd-445d-44b2-aca9-30691a2a90b9,Podcast,0.38,5
1c62b6f7-cf16-4fbb-af24-efbe0fad64e0,449d7b6e-9c0c-4f85-98bb-19d44af58003,Blog,0.71,2
31c30d53-73f8-42d0-8942-7d818b0525a5,6de896d3-f7f8-45d1-8b27-d2d178555492,Podcast,0.51,3
a5fcf8ca-7ab6-431c-a4db-7b8ba9305cd6,e19422a9-62ec-44dd-b4aa-2360510c255f,Video,0.73,2
c0ddd942-7ea1-445e-8a01-e3e4936ab793,6b0cdf79-938d-485f-9ace-5f5f15bb7684,Podcast,0.89,3
9bd501ed-2b0c-4e20-892a-3262a74552fe,87310c0b-0328-4b32-a052-185861806257,Podcast,0.71,5
8bb79d37-cf15-4176-adb0-d2987ca6b78c,f1711614-b648-4337-9a0b-e9517744767f,Podcast,0.45,4
f9e03e69-b7ed-4b96-bdbd-821abde95511,493c4e91-4edf-48a3-be75-76a7d676e8d7,Podcast,0.46,4
1fc44847-4bea-4ec4-b57d-13cae35c3d0b,c6d477af-45de-4d68-8972-0d82e15e125c,Podcast,0.6,3
96f837a9-3244-4240-bab1-aad7f7e8c75e,9cc000c2-6b64-414f-a465-ee2ecd26d22e,Blog,0.63,4
42ea114e-7c60-42ce-9c8e-cfde97d03de0,c732888f-8fc1-48b5-bdb8-095cd1b23380,Blog,0.5,5
dfeb9391-5403-4b5c-9a85-c8a60025ddf6,74806482-a459-4c0f-b73c-3cce0597c185,Blog,0.62,4
ab9f6212-1146-42aa-a0e1-c1d125d2b6ac,17571dfb-e204-4d62-9b37-71eead05355a,Video,0.14,5
f7ae0580-f6cb-435f-a29f-140f3e0706dd,95be7a8d-7792-475c-bc99-ffc491db9d25,Podcast,0.44,2
145acf69-db09-4133-b9d7-aafb57d0fa39,304a68ef-7a74-4b2a-87aa-432df23ceffa,Blog,0.32,5
0857ae04-9260-4439-b0f0-ad4c63786a0e,dc835da0-3e16-449d-810c-6ea06a1d5862,Video,0.24,1
e1f7c9b7-9439-4b5b-a065-e7fab5fe27bd,c6d477af-45de-4d68-8972-0d82e15e125c,Blog,0.18,1
5361d203-19f5-4479-9fc4-547ad60ffcf5,8e3b028c-c75a-4f9f-8ec5-1bf936b111f2,Blog,0.58,1
9b450e26-cc9e-44c6-9fb4-816788f00de6,ca13026a-227f-4ccd-8fbc-21e8968072f2,Podcast,0.52,3
2dff7fef-8735-4ed0-8796-665bf81d4a73,e26a1597-a596-4ac7-8227-4414eaf427fd,Video,0.36,3
918aad82-a2f2-41ca-9fa7-5ce7d0e93bb4,7cbd29cc-c7c3-41d2-9c35-5a35f9fd1e74,Podcast,0.48,3
5749035b-acd0-4b7c-90e9-e11375ab1a68,1762e189-244b-4cd6-9c85-d964e7485678,Podcast,0.49,5
54b1989d-6512-4218-9ee6-c86641b2132d,4bf2ac88-cff7-44f1-b3ff-b53af19f117c,Blog,0.26,3
a2f4118b-cf7f-4676-b134-5bd1f043d0f9,86f93c64-b099-404c-8a0f-55bde458d107,Podcast,0.62,2
901153e4-9cb2-467f-a1f7-dd92d4de8dc8,7bcef0e5-7eca-4eed-96b9-e126fc6f381a,Video,0.87,1
72e2d9a1-48b4-47ae-8aa4-75981a7e37b1,81f04311-280e-4cc2-9051-cc1e85a285e3,Podcast,0.73,5
a1edb5a3-0dfe-4983-8573-0bd29597a41c,8a2667b1-9635-44bb-bde9-3caaf25a95f4,Podcast,0.58,1
3764d5f6-6b14-4e1e-a62c-e7d3662364a3,69a2964a-06e4-4a68-ba14-d79ec95b7b7b,Podcast,0.51,3
7605c4cf-4e84-45ba-b2a2-d7d9bfb79ed1,c69ad0de-420e-4436-b5a3-91d56355890c,Blog,0.15,5
9701429a-6943-46f6-b4fe-b23a059fba26,952a5bbb-7582-4955-8eed-f50e3721292f,Video,0.4,4
c433ffca-7ca3-4caf-83a0-45a92276e6a6,a560514a-3471-4fda-ba56-33c5758c1f64,Blog,0.17,2
497aa8c8-085a-4c02-89e4-b39c9c43a93c,29fd7a41-2c38-4517-a319-388d0412cedd,Blog,0.87,3
423c25f9-bf71-4b2c-8676-07c4cf13011d,65fa7137-28bb-439c-8bf2-47b64c6f1676,Blog,0.21,3
35c6bbe3-ae38-43e3-9f01-3087343a7d85,11d645a6-c86e-4c1d-912a-5f6f423b8f2a,Blog,0.22,2
dacc48af-14a5-4762-9b18-2f6063405b21,d6f98552-a720-4811-b4b6-899fdd89f207,Blog,0.81,2
38de4568-2b39-4543-a310-b05f48eb91f8,ca13026a-227f-4ccd-8fbc-21e8968072f2,Video,1.0,4
b5d3d2a2-f1cc-4334-aeb0-c32f5b31f034,547bf36d-4332-46b1-a12f-393d87ac7a40,Podcast,0.71,3
fc0d200f-8106-421d-a699-92460f66c3c9,96324329-d71e-4ab2-84dd-a98dd82f4108,Blog,0.1,3
4b4c502c-c03c-448b-acc9-b8d9957fc6aa,178f0292-0d34-4c65-b7e9-8f657abc8308,Blog,0.1,1
85d55b8b-7c97-45b3-a2d1-e221f3afd9f9,1f56d8a9-1700-4596-ba79-f3ebb9d430d9,Video,0.48,5
2a14f1e1-e974-4804-b1e8-375e0a26341e,5d6ee8d9-45b2-4089-a2d1-eda0f269fea6,Video,0.26,5
5e6b1524-efdf-43be-ae9c-e574efbdbb77,9d8819cb-8f6a-4f29-8fa9-f37599ed8ec6,Podcast,0.11,1
e7fb2602-3c7b-4915-900a-e4f7e87c3939,5e16a83b-29b0-49ea-b011-3403df87c668,Video,0.57,5
45fee9b1-6001-4c7a-870b-42880d216017,4d480ac5-ea9f-4733-b8bd-d452e4e9c1f3,Podcast,0.85,2
1594a313-7225-4f5f-bd96-a13bfa6a4ec8,67ebfb6c-c20b-4690-8a8f-2d170f56be34,Blog,0.36,5
e74c5240-0c40-47dd-b398-ed07ea57a1bf,b656e425-c34f-4434-8bd5-31c8dfe7ae6f,Blog,0.63,5
331fc004-beae-45f5-b664-757b186f0dc6,7da3b084-3559-4704-a23e-499219bc2f64,Podcast,0.62,1
a8fe8244-c3a5-48d7-b224-1524aca788be,159c0665-af87-480f-b073-c36c031f5ac6,Video,0.36,4
a9958131-515d-43bd-90fc-4305a6a2804d,1fa7cba6-f411-4a4f-b4c0-afc082aba39e,Podcast,0.62,5
11214ac6-d5fe-498b-bc6f-06b2be999b42,fbc5eeb1-89a9-445e-8dac-e9c9750cb69d,Video,0.32,5
7ac1d667-c001-4b2f-95f1-718fc7e6e469,3d46c435-50c3-484f-84c3-8af236d0a169,Blog,0.2,4
551e0055-3987-4d0d-afef-8ba5de60016b,31d0e57b-2f73-49c5-8cda-9b1a7d4bf32e,Video,0.79,1
f09373d0-8132-4167-992a-d6dad2ca658f,2cdfb9dc-978b-4ad3-952d-3b1d6027316a,Podcast,0.19,4
d7940dee-9596-447c-8131-99aee2f754be,ab908b7c-11a4-4c62-b7fe-8b4c52c31056,Podcast,0.9,1
0f33e0bb-09fe-40d8-ba75-000ee5539eba,c59e8e47-3748-4753-bc29-66e62d762b7e,Blog,0.25,2
9ac12644-abe7-4cf7-8f79-86ec9de8df65,713f5851-0d2f-4776-b8fd-e21376438aa4,Video,0.69,1
12a62264-93fa-4d39-bf93-b52f15e32478,e3c775f0-dc42-4cc6-9953-b62cd3780fd0,Video,0.51,2
12ae5042-f725-4918-839c-72c810cb3933,62b03c93-6e3d-4a27-93e9-166854d282b6,Video,0.24,2
84669fe2-3636-474a-8e13-7b4b02b35803,7bc1943c-a14a-4b38-b1f8-4afe19930b0b,Blog,0.12,1
2855090a-5b87-4772-a28e-a761c2945504,1d5131e6-0c20-4ddc-91a2-fb22195c2645,Video,0.72,3
579d80cd-0779-4fe6-b0e1-fa4017c671f6,cdb2f6e8-f785-4af1-8638-6b75b40612df,Podcast,0.75,1
a4eb736b-1602-4499-83ad-eb4212179828,19c621a1-305d-4846-b6f1-e9806e0ad9e1,Video,0.93,5
44238cef-1b6e-4d77-87d9-12eb44ae8093,cef4528c-cc88-4375-8783-ab07e08ec034,Blog,0.49,5
c28c48f6-0fc4-4c00-be76-10b78585f1ae,fdd0da59-3d01-4764-ad84-9da7962f5189,Video,0.87,3
3bded300-03a6-4d94-a97b-a44da44314bc,fe4978be-e2c8-4c60-b264-247660ee4b96,Video,0.77,2
cbb34f8c-338f-4aef-905f-cbf701582b03,67ebfb6c-c20b-4690-8a8f-2d170f56be34,Podcast,0.68,3
ae990c98-fa71-48ce-a1fd-36d589c97939,e1042272-b569-4497-a857-5a8b623a6b99,Video,0.59,5
d2c34f39-0ab6-494d-93fd-1bd91b9dbd99,7fd10a4e-634a-4d6c-8d31-d86d08db3fd6,Podcast,0.61,3
253d4f1f-9dcf-4143-a279-7b69bf99e49a,8f0b3165-2eac-4eda-8db0-988921ccd2ee,Podcast,0.74,1
38a78bd3-bb15-4e60-a286-44d6ab8f1905,57e91d7d-7076-4b76-9e57-73368e5e6ac3,Blog,0.42,3
9ffaac7b-bd7a-4fd5-a39a-d9040f5108cd,00294711-8a9a-4467-9dd9-c0c85420e9a1,Podcast,0.74,2
e66e8291-a8c5-470b-a6a4-df16a6893297,e79196f3-6bd7-4128-8a02-7859e54d94f3,Podcast,0.57,1
2d9ac0db-eb8b-4198-b679-52cf3103fb23,088aa852-5ae2-4ae5-99ec-76f7e04ed5b7,Blog,0.23,4
032f8b05-c0c7-43ae-9e8f-db751562d4f5,e9278a41-a6f0-4a5f-85fc-eeb5112ccf0a,Podcast,0.12,5
e7fadb60-4ff8-4ebd-9319-8ef2f5c73f37,36535db9-fcbb-42c5-ab71-f3ef49ed73c0,Blog,0.39,5
66c0e3b0-cd4b-4b21-bb59-59eb6a46e4d0,8a2667b1-9635-44bb-bde9-3caaf25a95f4,Video,0.64,3
2de484b4-2b47-400d-8a1e-93a76d9e8c96,377833e1-caa0-4e53-a9bc-e203288a3004,Blog,0.77,1
eef7b518-210c-4542-a743-30155ab317e8,5d90e1bb-b189-4d3d-90e8-f756212bc2e9,Podcast,0.2,4
667d443c-9fe7-4a20-b1c5-9ac6838882e1,0c850d90-4039-4ac4-9654-1de83c78d7a7,Blog,0.74,1
2d4359d1-9258-49eb-ab76-7905dfb0a2e8,729a49ae-2687-4226-83b5-e36cff334566,Podcast,0.79,5
714e12f8-b9a0-4785-8286-5c34e6db5d4f,1762e189-244b-4cd6-9c85-d964e7485678,Video,0.26,1
9f90310c-035e-461e-867c-070d37c488ea,b1927ac8-3575-41b2-b671-25c450cee7b5,Blog,0.78,4
a9968065-f2a2-4d11-aa65-2ce1a019cc77,24b1e42e-4ff6-4c04-90fb-c45e2fc5674a,Video,1.0,3
cfef6582-88a2-4fd8-a94d-b3548dd6d5e9,afddc49c-134c-43eb-8234-0be97c5e1a43,Podcast,0.68,2
22937aa3-e331-4bfe-837c-c4427594deab,74199fe8-e8fe-45cd-a0eb-1a755f755840,Podcast,0.73,1
3a509ffe-4813-496c-9e66-7fbe3dea83b6,87047d19-2601-4847-9e8c-20f8cc6bfa3f,Video,1.0,2
fff12082-f3ab-4174-8c4d-c88cb20304fc,5ca6d884-e244-469d-820c-3168c19c0f4c,Blog,0.58,5
e14fcbf9-51c7-4026-be68-1f9416d37846,81f51034-f5f1-4204-82c8-aed613a26891,Blog,0.35,3
fa88ed4e-4635-486f-805b-d62b64acd345,8bfd607a-5b46-427b-9ae8-207edcaefa1f,Podcast,0.77,3
c983d319-292e-4470-8a1a-5c18f10e163c,bcef7db3-fad6-45bf-951d-f5238db8a958,Video,0.71,1
86fda91a-58e4-4399-be7f-37eaa71f4a5c,bbd18ccf-c856-4302-b4bf-8c6d93e7ecd1,Video,0.68,3
093a7990-b1f8-4a1f-a6d7-e79deb92abae,cfa41b92-cacb-4143-b0fa-2b76ce750545,Blog,0.3,1
b6eaeac1-f526-4411-87e5-475bc2cc56e7,aa8e14de-21bc-440b-b31f-b6ae7dcf8757,Blog,0.71,1
